id,user_id,service,album_id,name,artist_name,release_date,image_url,tracks,external_url,synced_at,created_at,updated_at,album_type,added_at,upc
259b327a-3135-46f8-b238-eef8ae6e2d4a,96b71fbe-364c-49b7-aace-fba92972a626,spotify,1FEdfGtctkdiziXSJTZStC,Absolution,Street Fever,2024-04-02,https://i.scdn.co/image/ab67616d0000b2737ead4643a6514f1dc7f5e105,15,https://open.spotify.com/album/1FEdfGtctkdiziXSJTZStC,2025-02-25 03:49:30.528+00,2025-02-25 03:49:30.528+00,2025-02-25 03:49:30.528+00,album,2025-02-06 04:12:49+00,859785914022
2ce2ba93-b8b5-4d2d-bb27-7915ac217287,96b71fbe-364c-49b7-aace-fba92972a626,spotify,6BHZtU7ANNwlGJsyAJRU7C,Ode to the Suns,Twin Suns,2024-03-22,https://i.scdn.co/image/ab67616d0000b27339a1a6c340f642d839bcfc7f,1,https://open.spotify.com/album/6BHZtU7ANNwlGJsyAJRU7C,2025-02-25 03:49:30.528+00,2025-02-25 03:49:30.528+00,2025-02-25 03:49:30.528+00,single,2025-02-02 07:45:28+00,198086074265
5e3b02f8-7824-48f7-9fe8-05578e6db89a,96b71fbe-364c-49b7-aace-fba92972a626,spotify,1WwGYiwfJH2GINM0IMV8JC,Imitation Honey,Meyru,2024-06-14,https://i.scdn.co/image/ab67616d0000b273298fd26048ef20c783b0400f,11,https://open.spotify.com/album/1WwGYiwfJH2GINM0IMV8JC,2025-02-25 03:49:30.528+00,2025-02-25 03:49:30.528+00,2025-02-25 03:49:30.528+00,album,2025-02-02 07:43:27+00,808391238138
21473786-302c-4f45-89d8-b510c80f2bcf,96b71fbe-364c-49b7-aace-fba92972a626,spotify,0v8OtSya690pAdzF6KFwjY,Suburban Siesta,Runner and Bobby,2019-07-13,https://i.scdn.co/image/ab67616d0000b273ce3e7e4a5e4f014da7c10c74,7,https://open.spotify.com/album/0v8OtSya690pAdzF6KFwjY,2025-02-25 03:49:30.528+00,2025-02-25 03:49:30.528+00,2025-02-25 03:49:30.528+00,album,2025-02-02 07:43:09+00,859744203600
b4c26eb3-9439-4396-9b37-eec4919ee01d,96b71fbe-364c-49b7-aace-fba92972a626,spotify,0JA38Ekhsv43y2lBj5GQkQ,Hyperion,Gesaffelstein,2019-03-08,https://i.scdn.co/image/ab67616d0000b2737842fd51802451ff61483dcf,10,https://open.spotify.com/album/0JA38Ekhsv43y2lBj5GQkQ,2025-02-25 03:49:30.528+00,2025-02-25 03:49:30.528+00,2025-02-25 03:49:30.528+00,album,2025-02-02 07:42:48+00,886447435878
830fd87c-e9dc-43a7-8f83-7f55ce0832b7,96b71fbe-364c-49b7-aace-fba92972a626,spotify,3OxfaVgvTxUTy7276t7SPU,Hurry Up Tomorrow,The Weeknd,2025-01-31,https://i.scdn.co/image/ab67616d0000b2737e7f1d0bdb2bb5a2afc4fb25,22,https://open.spotify.com/album/3OxfaVgvTxUTy7276t7SPU,2025-02-25 03:49:30.528+00,2025-02-25 03:49:30.528+00,2025-02-25 03:49:30.528+00,album,2025-02-02 07:17:10+00,00602475830641
2bcc2872-5cf8-49f5-ab7a-6d8b877484e0,96b71fbe-364c-49b7-aace-fba92972a626,spotify,4R4Hv2GmsS6kzHlfS606B7,"Jesus Christ, Girl",yoctangee,2024-11-16,https://i.scdn.co/image/ab67616d0000b27370b18b0b40f8f86e7bf0e090,1,https://open.spotify.com/album/4R4Hv2GmsS6kzHlfS606B7,2025-02-25 03:49:30.528+00,2025-02-25 03:49:30.528+00,2025-02-25 03:49:30.528+00,single,2024-11-17 11:49:20+00,198876129380
a023bd26-3ecd-461c-be22-4078b3ba43ca,96b71fbe-364c-49b7-aace-fba92972a626,spotify,0s5wo4mTZ5bJAgqiPBO3ou,Viva Hate (2014 Remaster),Morrissey,1988-03-15,https://i.scdn.co/image/ab67616d0000b273b933708d019e41c5c94110c9,12,https://open.spotify.com/album/0s5wo4mTZ5bJAgqiPBO3ou,2025-02-25 03:49:30.528+00,2025-02-25 03:49:30.528+00,2025-02-25 03:49:30.528+00,album,2024-10-28 18:03:52+00,603497904280
ba4ec076-be26-49b0-9a44-7e22e1dd81e6,96b71fbe-364c-49b7-aace-fba92972a626,spotify,0quMg77BzhMfovrQbtZrom,"""Summertime!""",The Drums,2009-09-26,https://i.scdn.co/image/ab67616d0000b273ee74b206affc784db79f52c9,5,https://open.spotify.com/album/0quMg77BzhMfovrQbtZrom,2025-02-25 03:49:30.528+00,2025-02-25 03:49:30.528+00,2025-02-25 03:49:30.528+00,single,2024-10-28 18:03:52+00,0884501168038
2d0d995c-306f-40d1-ba74-f10d6a740c14,96b71fbe-364c-49b7-aace-fba92972a626,spotify,0ts04BxWX0tqhE7uCSyWOp,Philanthropy,Hauschka,2023-10-20,https://i.scdn.co/image/ab67616d0000b273788e5382e3640c396c1c2ee0,12,https://open.spotify.com/album/0ts04BxWX0tqhE7uCSyWOp,2025-02-25 03:49:30.528+00,2025-02-25 03:49:30.528+00,2025-02-25 03:49:30.528+00,album,2024-10-28 18:03:52+00,4250506847586
6d7296f4-d1c9-4d25-85f8-d6dc6e0651b7,96b71fbe-364c-49b7-aace-fba92972a626,spotify,3ibzGjl8ndao9xMTtMEPf9,SENESCENCE,BAYNK,2024-09-27,https://i.scdn.co/image/ab67616d0000b273ed8011835010110f8b392f25,10,https://open.spotify.com/album/3ibzGjl8ndao9xMTtMEPf9,2025-02-25 03:49:30.528+00,2025-02-25 03:49:30.528+00,2025-02-25 03:49:30.528+00,album,2024-10-28 18:03:52+00,198704119675
f3f66430-3704-47a6-9b8e-956517afacca,96b71fbe-364c-49b7-aace-fba92972a626,spotify,00ascaJUZ2aaXQiivvSxdv,The Runner (Original Soundtrack),Boy Harsher,2022-01-21,https://i.scdn.co/image/ab67616d0000b273f681d91f9bc47e4d73f4afef,8,https://open.spotify.com/album/00ascaJUZ2aaXQiivvSxdv,2025-02-25 03:49:30.528+00,2025-02-25 03:49:30.528+00,2025-02-25 03:49:30.528+00,album,2024-10-28 18:03:52+00,4250506849726
f7488fe7-0946-453c-9f2c-7070673dbcb0,96b71fbe-364c-49b7-aace-fba92972a626,spotify,0dXxoVKkKfIFVgGO2FUu2u,Romeo,Sega Bodega,2021-11-12,https://i.scdn.co/image/ab67616d0000b273fae2b5ffe2cedb7a45d6e09e,10,https://open.spotify.com/album/0dXxoVKkKfIFVgGO2FUu2u,2025-02-25 03:49:30.528+00,2025-02-25 03:49:30.528+00,2025-02-25 03:49:30.528+00,album,2024-10-28 18:03:52+00,5060644132838
851af10a-b1a8-4233-aae3-8de3ea9b4a5f,96b71fbe-364c-49b7-aace-fba92972a626,spotify,0r9awI5WRCZpwk0aVQ4bKO,Wet Leg,Wet Leg,2022-04-08,https://i.scdn.co/image/ab67616d0000b273ea1126a33b0fb88e79915262,12,https://open.spotify.com/album/0r9awI5WRCZpwk0aVQ4bKO,2025-02-25 03:49:30.528+00,2025-02-25 03:49:30.528+00,2025-02-25 03:49:30.528+00,album,2024-10-28 18:03:52+00,887828049660
5d0edb51-ea76-4e6a-9997-dd0ccb2da9b7,96b71fbe-364c-49b7-aace-fba92972a626,spotify,0pMgdGYL1d7YfLZ6Y2PYLG,Midnight Cleaners,The Cleaners From Venus,1982,https://i.scdn.co/image/ab67616d0000b273b0ba3073582c51f6993833d1,9,https://open.spotify.com/album/0pMgdGYL1d7YfLZ6Y2PYLG,2025-02-25 03:49:30.528+00,2025-02-25 03:49:30.528+00,2025-02-25 03:49:30.528+00,album,2024-10-28 18:03:52+00,194694144208
e8b7429d-1e0d-49a7-8029-50460cecc9f3,96b71fbe-364c-49b7-aace-fba92972a626,spotify,0oHoEmlhtwdFFWFJIoLNy0,Wrong Way Up [Expanded Edition],Brian Eno,1990,https://i.scdn.co/image/ab67616d0000b273c30b7e8f7f6cdb70b9c82983,12,https://open.spotify.com/album/0oHoEmlhtwdFFWFJIoLNy0,2025-02-25 03:49:30.528+00,2025-02-25 03:49:30.528+00,2025-02-25 03:49:30.528+00,album,2024-10-28 18:03:52+00,5060384618906
c3cebf08-1a95-4b12-828c-ffafa0355272,96b71fbe-364c-49b7-aace-fba92972a626,spotify,0qWcLfCZ8wtcoOdX14oGNI,Stranger in the Alps,Phoebe Bridgers,2017-09-22,https://i.scdn.co/image/ab67616d0000b27368b90c3b34c3ac22856ddab8,11,https://open.spotify.com/album/0qWcLfCZ8wtcoOdX14oGNI,2025-02-25 03:49:30.528+00,2025-02-25 03:49:30.528+00,2025-02-25 03:49:30.528+00,album,2024-10-28 18:03:52+00,656605144269
e86450b6-ef3e-4b3c-88bc-f8a210c6889d,96b71fbe-364c-49b7-aace-fba92972a626,spotify,6Pp6qGEywDdofgFC1oFbSH,Punisher,Phoebe Bridgers,2020-06-18,https://i.scdn.co/image/ab67616d0000b273a91b75c9ef65ed8d760ff600,11,https://open.spotify.com/album/6Pp6qGEywDdofgFC1oFbSH,2025-02-25 03:49:30.528+00,2025-02-25 03:49:30.528+00,2025-02-25 03:49:30.528+00,album,2024-10-28 18:03:52+00,656605150062
3a6da05d-a737-4351-bfa8-13b227336c24,96b71fbe-364c-49b7-aace-fba92972a626,spotify,08oZDAb0tsAvZIZ5xUDLj2,Stomp & Holler,Kenny Sharp,2024-05-31,https://i.scdn.co/image/ab67616d0000b273bdd88893aae6f13a4e1875a3,1,https://open.spotify.com/album/08oZDAb0tsAvZIZ5xUDLj2,2025-02-25 03:49:30.528+00,2025-02-25 03:49:30.528+00,2025-02-25 03:49:30.528+00,single,2024-10-28 18:03:52+00,198342591925
95bb7943-a88d-4c32-975d-798d6c3cae70,96b71fbe-364c-49b7-aace-fba92972a626,spotify,0o9lEiGZLsVcfTwl6z77oB,Paint My Bedroom Black,Holly Humberstone,2023-10-13,https://i.scdn.co/image/ab67616d0000b2730a81a4d2ba5d937a5d846a54,13,https://open.spotify.com/album/0o9lEiGZLsVcfTwl6z77oB,2025-02-25 03:49:30.528+00,2025-02-25 03:49:30.528+00,2025-02-25 03:49:30.528+00,album,2024-10-28 18:03:52+00,00602458122909
4b0985e4-d4db-4198-98fe-4c93db91f062,96b71fbe-364c-49b7-aace-fba92972a626,spotify,0D9jxLRpdhEG583Yqji2EJ,"Touching You, Touching Me",Neil Diamond,1969-12-13,https://i.scdn.co/image/ab67616d0000b27322a51c7bac7972cdf650c68e,9,https://open.spotify.com/album/0D9jxLRpdhEG583Yqji2EJ,2025-02-25 03:49:30.528+00,2025-02-25 03:49:30.528+00,2025-02-25 03:49:30.528+00,album,2024-10-28 18:03:52+00,00602577174285
bd7a2e0e-8f18-473b-954a-fd7d750e8b9e,96b71fbe-364c-49b7-aace-fba92972a626,spotify,0p6P42zHY2W8Zd7BKBcKQg,Making a Door Less Open,Car Seat Headrest,2020-05-01,https://i.scdn.co/image/ab67616d0000b273df4ad77584998cd01e3a0c96,11,https://open.spotify.com/album/0p6P42zHY2W8Zd7BKBcKQg,2025-02-25 03:49:30.528+00,2025-02-25 03:49:30.528+00,2025-02-25 03:49:30.528+00,album,2024-10-28 18:03:52+00,191401157261
cdc4b298-8da1-49f3-9a17-b4c9841da29b,96b71fbe-364c-49b7-aace-fba92972a626,spotify,0Ehvg0k08rB3rpquQks9Vw,Possessions And Obsessions,Parallel Dance Ensemble,2011-03-25,https://i.scdn.co/image/ab67616d0000b27320b1ff906f0135e544e59d30,9,https://open.spotify.com/album/0Ehvg0k08rB3rpquQks9Vw,2025-02-25 03:49:30.528+00,2025-02-25 03:49:30.528+00,2025-02-25 03:49:30.528+00,album,2024-10-28 18:03:52+00,0673795707418
011e35e6-7130-4f0b-8fbd-10d3364c0979,96b71fbe-364c-49b7-aace-fba92972a626,spotify,0GSARUUhweinQufLR663b4,Radical Romantics,Fever Ray,2023-03-10,https://i.scdn.co/image/ab67616d0000b273211cc65f33c15bb3a9d3266e,10,https://open.spotify.com/album/0GSARUUhweinQufLR663b4,2025-02-25 03:49:30.528+00,2025-02-25 03:49:30.528+00,2025-02-25 03:49:30.528+00,album,2024-10-28 18:03:52+00,5060236638625
14c5af2e-c968-4eb7-a4b8-5d380fd5f605,96b71fbe-364c-49b7-aace-fba92972a626,spotify,0GZzMkSGwXBD40YyOxiMQz,Take This Job and Shove It,Johnny Paycheck,2004,https://i.scdn.co/image/ab67616d0000b2732cc5d993b6ced1b2907013cf,14,https://open.spotify.com/album/0GZzMkSGwXBD40YyOxiMQz,2025-02-25 03:49:30.528+00,2025-02-25 03:49:30.528+00,2025-02-25 03:49:30.528+00,album,2024-10-28 18:03:52+00,889176603327
93b0de85-073a-4f29-bd3e-60543b3e5592,96b71fbe-364c-49b7-aace-fba92972a626,spotify,00kb6JZ1mB5KcekOkz3KtH,Steve McQueen,Prefab Sprout,1985-06-24,https://i.scdn.co/image/ab67616d0000b27306936bb057924fc30297fec6,11,https://open.spotify.com/album/00kb6JZ1mB5KcekOkz3KtH,2025-02-25 03:49:30.528+00,2025-02-25 03:49:30.528+00,2025-02-25 03:49:30.528+00,album,2024-10-28 18:03:52+00,886447826713
cf761111-c37f-4ffc-8568-0169f3618c6e,96b71fbe-364c-49b7-aace-fba92972a626,spotify,00wSTrFxoSzA7eeS1UxHgd,Sin Miedo (del Amor y Otros Demonios) ∞,Kali Uchis,2020-12-04,https://i.scdn.co/image/ab67616d0000b273044a5466dac00f7b3c570b99,13,https://open.spotify.com/album/00wSTrFxoSzA7eeS1UxHgd,2025-02-25 03:49:30.528+00,2025-02-25 03:49:30.528+00,2025-02-25 03:49:30.528+00,album,2024-10-28 18:03:52+00,00602435560083
d2f337e0-f7fa-4f0e-afb6-9f0332b25cfe,96b71fbe-364c-49b7-aace-fba92972a626,spotify,01Si4JV49tWw0ZI3o9L7VQ,So What If I'm A Freak,Snow Strippers,2024-04-03,https://i.scdn.co/image/ab67616d0000b2739db0b19fa174ea309a29278a,1,https://open.spotify.com/album/01Si4JV49tWw0ZI3o9L7VQ,2025-02-25 03:49:30.528+00,2025-02-25 03:49:30.528+00,2025-02-25 03:49:30.528+00,single,2024-10-28 18:03:52+00,810072049513
1b7488f5-5bcf-42ff-b004-3c7adab94d01,96b71fbe-364c-49b7-aace-fba92972a626,spotify,02UIYqY314ZBQyRq6YRsgS,The Moon Is In The Wrong Place,Shannon & The Clams,2024-05-10,https://i.scdn.co/image/ab67616d0000b273f3d7cc35d9c65821b5686d69,14,https://open.spotify.com/album/02UIYqY314ZBQyRq6YRsgS,2025-02-25 03:49:30.528+00,2025-02-25 03:49:30.528+00,2025-02-25 03:49:30.528+00,album,2024-10-28 18:03:52+00,00888072590960
1127e503-583d-4db3-bb8d-fc7d7ca7a5fe,96b71fbe-364c-49b7-aace-fba92972a626,spotify,038nwIuL7EFF8sqKvsH7RO,My Big Day,Bombay Bicycle Club,2023-10-20,https://i.scdn.co/image/ab67616d0000b273a3cbbcad2630b9425de7a050,11,https://open.spotify.com/album/038nwIuL7EFF8sqKvsH7RO,2025-02-25 03:49:30.528+00,2025-02-25 03:49:30.528+00,2025-02-25 03:49:30.528+00,album,2024-10-28 18:03:52+00,197189114281
14653a5f-f809-424b-8020-17ec808dcb8b,96b71fbe-364c-49b7-aace-fba92972a626,spotify,07QtExfk8X4bPC1fnDi3hx,MOMMY DON'T SPANK ME,The Drums,2021-04-02,https://i.scdn.co/image/ab67616d0000b273b577ea30baa1e82d8e78dcf2,22,https://open.spotify.com/album/07QtExfk8X4bPC1fnDi3hx,2025-02-25 03:49:30.528+00,2025-02-25 03:49:30.528+00,2025-02-25 03:49:30.528+00,album,2024-10-28 18:03:52+00,00602435857541
b9750886-49c7-4791-bfb0-b9832eafbba1,96b71fbe-364c-49b7-aace-fba92972a626,spotify,2B87zXm9bOWvAJdkJBTpzF,Melodrama,Lorde,2017-06-16,https://i.scdn.co/image/ab67616d0000b273f8553e18a11209d4becd0336,11,https://open.spotify.com/album/2B87zXm9bOWvAJdkJBTpzF,2025-02-25 03:49:30.528+00,2025-02-25 03:49:30.528+00,2025-02-25 03:49:30.528+00,album,2024-10-28 18:03:52+00,00602557477641
f98869b3-d401-4141-8dcd-b51c542dc606,96b71fbe-364c-49b7-aace-fba92972a626,spotify,06swqSES9WCGwO1LRhXrxw,Mirror II,The Goon Sax,2021-07-09,https://i.scdn.co/image/ab67616d0000b2738bab6c2dd51ed292dca6fb75,10,https://open.spotify.com/album/06swqSES9WCGwO1LRhXrxw,2025-02-25 03:49:30.528+00,2025-02-25 03:49:30.528+00,2025-02-25 03:49:30.528+00,album,2024-10-28 18:03:52+00,191401162364
08036e6c-74da-4fe2-9e01-8c6fda3b931b,96b71fbe-364c-49b7-aace-fba92972a626,spotify,06Zp2J6vjuVSOKHtFcFtJ0,World of Hassle,Alan Palomo,2023-09-15,https://i.scdn.co/image/ab67616d0000b2739d3c771f5a2c8dd9bc761515,13,https://open.spotify.com/album/06Zp2J6vjuVSOKHtFcFtJ0,2025-02-25 03:49:30.528+00,2025-02-25 03:49:30.528+00,2025-02-25 03:49:30.528+00,album,2024-10-28 18:03:52+00,810090093055
9f7b6920-a75e-4978-9e20-4613783230c3,96b71fbe-364c-49b7-aace-fba92972a626,spotify,0TRr4JGEPJ4eAb5QKRaunf,Wild God,Nick Cave & The Bad Seeds,2024-08-30,https://i.scdn.co/image/ab67616d0000b273af517c4f70e8479d61165cca,10,https://open.spotify.com/album/0TRr4JGEPJ4eAb5QKRaunf,2025-02-25 03:49:30.528+00,2025-02-25 03:49:30.528+00,2025-02-25 03:49:30.528+00,album,2024-10-28 18:03:52+00,5400863157920
e0811e4c-5cfe-4faf-b36f-326a8e2be124,96b71fbe-364c-49b7-aace-fba92972a626,spotify,08I3iemI4Gfn7kp4wm9FmX,LP3,Hippo Campus,2022-02-04,https://i.scdn.co/image/ab67616d0000b2731251e1c3c37e02d4f9a1d5fa,10,https://open.spotify.com/album/08I3iemI4Gfn7kp4wm9FmX,2025-02-25 03:49:30.528+00,2025-02-25 03:49:30.528+00,2025-02-25 03:49:30.528+00,album,2024-10-28 18:03:52+00,196292441680
1e5b24fa-6286-48f3-b011-cd635ed37ed8,96b71fbe-364c-49b7-aace-fba92972a626,spotify,08RdKFNm8Cu86FSzlhoAoh,Mature Themes,Ariel Pink,2012-08-20,https://i.scdn.co/image/ab67616d0000b2737ae789dbe007f9bd6de6597d,13,https://open.spotify.com/album/08RdKFNm8Cu86FSzlhoAoh,2025-02-25 03:49:30.528+00,2025-02-25 03:49:30.528+00,2025-02-25 03:49:30.528+00,album,2024-10-28 18:03:52+00,652637323061
1555ebfc-5d39-44e5-98bc-2201936ec214,96b71fbe-364c-49b7-aace-fba92972a626,spotify,08aqY8lv4zx4uaqBUpMD8a,No Love Deep Web,Death Grips,2012-10-01,https://i.scdn.co/image/ab67616d0000b273f552daab2bc3dc64d2c4c649,13,https://open.spotify.com/album/08aqY8lv4zx4uaqBUpMD8a,2025-02-25 03:49:30.528+00,2025-02-25 03:49:30.528+00,2025-02-25 03:49:30.528+00,album,2024-10-28 18:03:52+00,00602537531790
d095428f-0d08-4181-b92d-2db59a49c4b4,96b71fbe-364c-49b7-aace-fba92972a626,spotify,0b8KChWO3kRpVRZNdNxms3,Script of the Bridge (Remastered),The Chameleons,1983,https://i.scdn.co/image/ab67616d0000b2735afd1a9e9be964296fc9e9d6,12,https://open.spotify.com/album/0b8KChWO3kRpVRZNdNxms3,2025-02-25 03:49:30.528+00,2025-02-25 03:49:30.528+00,2025-02-25 03:49:30.528+00,album,2024-10-28 18:03:52+00,5024545631128
efd57f76-bbb3-4bba-8703-64fdb982add4,96b71fbe-364c-49b7-aace-fba92972a626,spotify,094LVoZpuHpU0QwZQNmqAc,Push,Sextile,2023-09-15,https://i.scdn.co/image/ab67616d0000b273856054d52966befd61ef2f81,11,https://open.spotify.com/album/094LVoZpuHpU0QwZQNmqAc,2025-02-25 03:49:30.528+00,2025-02-25 03:49:30.528+00,2025-02-25 03:49:30.528+00,album,2024-10-28 18:03:52+00,843563166789
a40b979d-2e37-4e73-9f75-c00ef4d97b24,96b71fbe-364c-49b7-aace-fba92972a626,spotify,0Au4HNwGtEi5iOFprP0027,London Zoo,The Bug,2008-06-30,https://i.scdn.co/image/ab67616d0000b2738dd11fdf635ff83429fe30e7,12,https://open.spotify.com/album/0Au4HNwGtEi5iOFprP0027,2025-02-25 03:49:30.528+00,2025-02-25 03:49:30.528+00,2025-02-25 03:49:30.528+00,album,2024-10-28 18:03:52+00,5021392486192
3c3071ba-185d-40c7-a899-4f66c85d14cc,96b71fbe-364c-49b7-aace-fba92972a626,spotify,0Cuqhgy8vm96JEkBY3polk,Titanic Rising,Weyes Blood,2019-04-05,https://i.scdn.co/image/ab67616d0000b2730c64e752dec4c08362cc4a88,10,https://open.spotify.com/album/0Cuqhgy8vm96JEkBY3polk,2025-02-25 03:49:30.528+00,2025-02-25 03:49:30.528+00,2025-02-25 03:49:30.528+00,album,2024-10-28 18:03:52+00,098787123265
65091a7c-afea-4249-a9ed-8304efce93f2,96b71fbe-364c-49b7-aace-fba92972a626,spotify,0hQOqvZv1nQvPiBjzyn363,Talkie Walkie,Air,2004-01-26,https://i.scdn.co/image/ab67616d0000b2736400fab74f28e90759ac8815,10,https://open.spotify.com/album/0hQOqvZv1nQvPiBjzyn363,2025-02-25 03:49:30.528+00,2025-02-25 03:49:30.528+00,2025-02-25 03:49:30.528+00,album,2024-10-28 18:03:52+00,0724359663258
7279ea04-0d11-4dd7-ac40-04745a9dde7a,96b71fbe-364c-49b7-aace-fba92972a626,spotify,0DBkFC6739trhCoVreZyds,Parklife (Special Edition),Blur,1994-04-25,https://i.scdn.co/image/ab67616d0000b2732e4d97729bab58f1c0eabd33,32,https://open.spotify.com/album/0DBkFC6739trhCoVreZyds,2025-02-25 03:49:30.528+00,2025-02-25 03:49:30.528+00,2025-02-25 03:49:30.528+00,album,2024-10-28 18:03:52+00,5099964481951
71788625-b07a-433d-b082-ffa36555b268,96b71fbe-364c-49b7-aace-fba92972a626,spotify,0DZuHqb2d6WCI8SBzgDEas,Sueño De La Maquina,Kinky,2012-07-17,https://i.scdn.co/image/ab67616d0000b273a58be3083282cbe9c285fbfb,10,https://open.spotify.com/album/0DZuHqb2d6WCI8SBzgDEas,2025-02-25 03:49:30.528+00,2025-02-25 03:49:30.528+00,2025-02-25 03:49:30.528+00,album,2024-10-28 18:03:52+00,886443492011
c04e395a-e90d-4970-bfc0-533008aafc52,96b71fbe-364c-49b7-aace-fba92972a626,spotify,0DdEmVkv1IrNGNsO6kG04G,Pre-Code Hollywood,Jonathan Bree,2023-04-14,https://i.scdn.co/image/ab67616d0000b273ebc6bf63d34f11dd398ae03e,10,https://open.spotify.com/album/0DdEmVkv1IrNGNsO6kG04G,2025-02-25 03:49:30.528+00,2025-02-25 03:49:30.528+00,2025-02-25 03:49:30.528+00,album,2024-10-28 18:03:52+00,617308045734
60ab6fc9-5efb-4c6f-a720-4f1a2173db1d,96b71fbe-364c-49b7-aace-fba92972a626,spotify,0mfWe1yl49IvELjU9eWq5R,Thunder Follows the Light,Mutual Benefit,2018-09-21,https://i.scdn.co/image/ab67616d0000b273f9435b46ed3808bd90fd6167,10,https://open.spotify.com/album/0mfWe1yl49IvELjU9eWq5R,2025-02-25 03:49:30.528+00,2025-02-25 03:49:30.528+00,2025-02-25 03:49:30.528+00,album,2024-10-28 18:03:52+00,5414940017434
9ba4a27e-093e-4382-941b-5ef1b3781123,96b71fbe-364c-49b7-aace-fba92972a626,spotify,0EiI8ylL0FmWWpgHVTsZjZ,The Rise and Fall of a Midwest Princess,Chappell Roan,2023-09-22,https://i.scdn.co/image/ab67616d0000b27396fa88fb1789be437d5cb4b6,14,https://open.spotify.com/album/0EiI8ylL0FmWWpgHVTsZjZ,2025-02-25 03:49:30.528+00,2025-02-25 03:49:30.528+00,2025-02-25 03:49:30.528+00,album,2024-10-28 18:03:52+00,00602458311679
d608d031-b762-4238-9f3c-a476eb1fd37b,96b71fbe-364c-49b7-aace-fba92972a626,spotify,0o5xjCboti8vXhdoUG9LYi,Notes On A Conditional Form,The 1975,2020-05-22,https://i.scdn.co/image/ab67616d0000b2734400af0debecb047939c9254,22,https://open.spotify.com/album/0o5xjCboti8vXhdoUG9LYi,2025-02-25 03:49:30.528+00,2025-02-25 03:49:30.528+00,2025-02-25 03:49:30.528+00,album,2024-10-28 18:03:52+00,00602508137358
8e424091-d787-45eb-b803-7c1c3ccaec80,96b71fbe-364c-49b7-aace-fba92972a626,spotify,0GYH4HMvMgmsRCqN224mO8,Superior State,Rendez Vous,2018-10-26,https://i.scdn.co/image/ab67616d0000b273099d11aa3f82cadb6be5b392,10,https://open.spotify.com/album/0GYH4HMvMgmsRCqN224mO8,2025-02-25 03:49:30.528+00,2025-02-25 03:49:30.528+00,2025-02-25 03:49:30.528+00,album,2024-10-28 18:03:52+00,3663729064936
73f4cbae-2409-4444-af96-aad47bffddaf,96b71fbe-364c-49b7-aace-fba92972a626,spotify,6aghGRwQw9Rjzh1qRtQLpR,Poetry,Dehd,2024-05-10,https://i.scdn.co/image/ab67616d0000b273b76d0be829a3eff9e6ac9475,14,https://open.spotify.com/album/6aghGRwQw9Rjzh1qRtQLpR,2025-02-25 03:49:30.528+00,2025-02-25 03:49:30.528+00,2025-02-25 03:49:30.528+00,album,2024-10-28 18:03:52+00,197190452068
b7be3e57-66c2-4176-ad3c-dd51a7ee7ece,96b71fbe-364c-49b7-aace-fba92972a626,spotify,0H8umic35SHzLg26lL1ld9,Pacific Standard Time,Poolside,2012-07-09,https://i.scdn.co/image/ab67616d0000b2738cee2552556239686dc58a1a,16,https://open.spotify.com/album/0H8umic35SHzLg26lL1ld9,2025-02-25 03:49:30.528+00,2025-02-25 03:49:30.528+00,2025-02-25 03:49:30.528+00,album,2024-10-28 18:03:52+00,859708548983
ae672d63-e9e2-44a4-a6ce-428694d1f44a,96b71fbe-364c-49b7-aace-fba92972a626,spotify,0Iq6APTGuGPe875jV0rIw2,White Light,Sidewalks and Skeletons,2015-03-05,https://i.scdn.co/image/ab67616d0000b273bbaf9de6c418a0aa6cb7b938,14,https://open.spotify.com/album/0Iq6APTGuGPe875jV0rIw2,2025-02-25 03:49:30.528+00,2025-02-25 03:49:30.528+00,2025-02-25 03:49:30.528+00,album,2024-10-28 18:03:52+00,889211443277
cafe6238-4be1-49c6-9b08-8b1bd19d4f1b,96b71fbe-364c-49b7-aace-fba92972a626,spotify,0JN9Za7vTgRgRjS5Zv08hy,Naked City,Glass Candy,2019-02-01,https://i.scdn.co/image/ab67616d0000b273e367942f53c46d8849edcbb5,5,https://open.spotify.com/album/0JN9Za7vTgRgRjS5Zv08hy,2025-02-25 03:49:30.528+00,2025-02-25 03:49:30.528+00,2025-02-25 03:49:30.528+00,single,2024-10-28 18:03:52+00,193436087582
be4c0622-0812-4278-851e-3a3e01072e07,96b71fbe-364c-49b7-aace-fba92972a626,spotify,0JszcE85lnFBHOxxQhMhew,Magic Guitar - Instrumental Romantic,Paco Nula,2013-08-04,https://i.scdn.co/image/ab67616d0000b273acaefc66abdd7cc8100acdcf,26,https://open.spotify.com/album/0JszcE85lnFBHOxxQhMhew,2025-02-25 03:49:30.528+00,2025-02-25 03:49:30.528+00,2025-02-25 03:49:30.528+00,album,2024-10-28 18:03:52+00,888003060166
1364dfc9-767a-4a2c-8016-14b2268a418c,96b71fbe-364c-49b7-aace-fba92972a626,spotify,0Kmn5zoggtkDhoGrNpHOeZ,"Punish, Honey",Vessel,2014-09-16,https://i.scdn.co/image/ab67616d0000b27343810d22c4374068ba0a1cbb,9,https://open.spotify.com/album/0Kmn5zoggtkDhoGrNpHOeZ,2025-02-25 03:49:30.528+00,2025-02-25 03:49:30.528+00,2025-02-25 03:49:30.528+00,album,2024-10-28 18:03:52+00,656605513669
8bc085fc-4eeb-4ef7-a789-0e38e1342ee9,96b71fbe-364c-49b7-aace-fba92972a626,spotify,0NACl36sqipY6OZXOqy1At,Vu de l'extérieur,Serge Gainsbourg,1973-01-01,https://i.scdn.co/image/ab67616d0000b273177fb523419622abe640362e,10,https://open.spotify.com/album/0NACl36sqipY6OZXOqy1At,2025-02-25 03:49:30.528+00,2025-02-25 03:49:30.528+00,2025-02-25 03:49:30.528+00,album,2024-10-28 18:03:52+00,00602547711762
acc2d4ee-6a8e-4399-8af8-c8bafd249b02,96b71fbe-364c-49b7-aace-fba92972a626,spotify,0NCCLK5RqnGNMvRON2hDjf,Reset Mariachi EP,Sonic Boom,2024-08-12,https://i.scdn.co/image/ab67616d0000b273d1474dc44b9d68dd544072ce,6,https://open.spotify.com/album/0NCCLK5RqnGNMvRON2hDjf,2025-02-25 03:49:30.528+00,2025-02-25 03:49:30.528+00,2025-02-25 03:49:30.528+00,single,2024-10-28 18:03:52+00,887829143466
78bec3c2-37d6-4fd3-9418-4412bb720f37,96b71fbe-364c-49b7-aace-fba92972a626,spotify,0NDZWNHJ5ySx3YeFLbsdMe,Mezzanine (Deluxe),Massive Attack,2019-08-23,https://i.scdn.co/image/ab67616d0000b2735a34af7f2b06eb84c17d833e,19,https://open.spotify.com/album/0NDZWNHJ5ySx3YeFLbsdMe,2025-02-25 03:49:30.528+00,2025-02-25 03:49:30.528+00,2025-02-25 03:49:30.528+00,album,2024-10-28 18:03:52+00,00602567930983
90a13590-937b-4ba6-8c5f-a0a094b20d58,96b71fbe-364c-49b7-aace-fba92972a626,spotify,0NQ6Dn9si4mgFKoRoBGkn8,Three,Phantogram,2016-10-07,https://i.scdn.co/image/ab67616d0000b273d99618fc2eed49eb1b67d6af,10,https://open.spotify.com/album/0NQ6Dn9si4mgFKoRoBGkn8,2025-02-25 03:49:30.528+00,2025-02-25 03:49:30.528+00,2025-02-25 03:49:30.528+00,album,2024-10-28 18:03:52+00,00602547957702
4b8edea7-069d-4796-9946-9a886b4e6ec2,96b71fbe-364c-49b7-aace-fba92972a626,spotify,0O9TQ88Zb6NE6oa6Gkb0S9,Post-American,MSPAINT,2023-03-10,https://i.scdn.co/image/ab67616d0000b27319e9ca497edd9b531cd42404,11,https://open.spotify.com/album/0O9TQ88Zb6NE6oa6Gkb0S9,2025-02-25 03:49:30.528+00,2025-02-25 03:49:30.528+00,2025-02-25 03:49:30.528+00,album,2024-10-28 18:03:52+00,197632103800
6c09362c-01fe-4749-b4ad-937c38f33c54,96b71fbe-364c-49b7-aace-fba92972a626,spotify,0OSYZ7EMRs14RPvwowd13F,Waiting on a Song,Dan Auerbach,2017-06-02,https://i.scdn.co/image/ab67616d0000b273b2d7362dc639856d9d046205,10,https://open.spotify.com/album/0OSYZ7EMRs14RPvwowd13F,2025-02-25 03:49:30.528+00,2025-02-25 03:49:30.528+00,2025-02-25 03:49:30.528+00,album,2024-10-28 18:03:52+00,075597937510
01ba2e5e-3bff-4366-b570-14b2ff0a3dc4,96b71fbe-364c-49b7-aace-fba92972a626,spotify,0Q6KFth9qxni5rsmqtcTKO,Screen Violence,CHVRCHES,2021-08-27,https://i.scdn.co/image/ab67616d0000b273533b1dfaecaa454f7514e6f9,10,https://open.spotify.com/album/0Q6KFth9qxni5rsmqtcTKO,2025-02-25 03:49:30.528+00,2025-02-25 03:49:30.528+00,2025-02-25 03:49:30.528+00,album,2024-10-28 18:03:52+00,5056167164074
17cda362-9cd9-4766-814b-8a36e27652d8,96b71fbe-364c-49b7-aace-fba92972a626,spotify,0Q06qPDtdCSdZElKGYw3ww,OPERATOR,MSTRKRFT,2016-07-22,https://i.scdn.co/image/ab67616d0000b273796e1b70013c9e173e3a01af,10,https://open.spotify.com/album/0Q06qPDtdCSdZElKGYw3ww,2025-02-25 03:49:30.528+00,2025-02-25 03:49:30.528+00,2025-02-25 03:49:30.528+00,album,2024-10-28 18:03:52+00,060270178526
394df469-7d09-4177-a00a-49ab9f8086e7,96b71fbe-364c-49b7-aace-fba92972a626,spotify,06NoAAaK5H8QFnJCRsIXTT,Los Angeles 2020,Panther Modern,2019-05-31,https://i.scdn.co/image/ab67616d0000b2735e9b6aa38db5a53501db9401,4,https://open.spotify.com/album/06NoAAaK5H8QFnJCRsIXTT,2025-02-25 03:49:30.528+00,2025-02-25 03:49:30.528+00,2025-02-25 03:49:30.528+00,single,2024-10-28 18:03:52+00,5053760051213
70d2224c-00ca-48c0-b880-f74036d9c3f6,96b71fbe-364c-49b7-aace-fba92972a626,spotify,0P1hdnE62qqoPJZYIZSZn2,The Other Side Of Make-Believe,Interpol,2022-07-15,https://i.scdn.co/image/ab67616d0000b2738d1e1d77ad62e898ac5462d0,11,https://open.spotify.com/album/0P1hdnE62qqoPJZYIZSZn2,2025-02-25 03:49:30.528+00,2025-02-25 03:49:30.528+00,2025-02-25 03:49:30.528+00,album,2024-10-28 18:03:52+00,191401187558
5efef6e9-050b-4827-9a07-f499390e78cc,96b71fbe-364c-49b7-aace-fba92972a626,spotify,0RGxQa2UeQJxEDYcGUV3lr,Trinity (Deluxe),Eartheater,2022-11-18,https://i.scdn.co/image/ab67616d0000b27358148f3806e8cf07ffa1fb4d,17,https://open.spotify.com/album/0RGxQa2UeQJxEDYcGUV3lr,2025-02-25 03:49:30.528+00,2025-02-25 03:49:30.528+00,2025-02-25 03:49:30.528+00,album,2024-10-28 18:03:52+00,810072043429
4a12ec63-62a9-418c-b73c-df44c9cba027,96b71fbe-364c-49b7-aace-fba92972a626,spotify,0RyezpNCj0HGTv2Mrwaat5,Paper Mâché Dream Balloon,King Gizzard & The Lizard Wizard,2015-11-13,https://i.scdn.co/image/ab67616d0000b273a229d529f40d090ecae2221e,12,https://open.spotify.com/album/0RyezpNCj0HGTv2Mrwaat5,2025-02-25 03:49:30.528+00,2025-02-25 03:49:30.528+00,2025-02-25 03:49:30.528+00,album,2024-10-28 18:03:52+00,880882156251
8f79d6a0-d106-4865-abc8-cc998442ee95,96b71fbe-364c-49b7-aace-fba92972a626,spotify,0T76MIpjGDea7AZyBjqoPA,Nack Nostalgia,Royel Otis,2024-07-19,https://i.scdn.co/image/ab67616d0000b27322b8346ba68f65704ef221b9,1,https://open.spotify.com/album/0T76MIpjGDea7AZyBjqoPA,2025-02-25 03:49:30.528+00,2025-02-25 03:49:30.528+00,2025-02-25 03:49:30.528+00,single,2024-10-28 18:03:52+00,0748777341949
5fa70c2f-cc3f-4bfb-90dc-bf4d22f0d188,96b71fbe-364c-49b7-aace-fba92972a626,spotify,0TQG9HCLZGushGzSwvtxC1,Sign O' The Times (Super Deluxe Edition),Prince,2020-09-25,https://i.scdn.co/image/ab67616d0000b273d9cbdc170a8e0cf76735d3fa,92,https://open.spotify.com/album/0TQG9HCLZGushGzSwvtxC1,2025-02-25 03:49:30.528+00,2025-02-25 03:49:30.528+00,2025-02-25 03:49:30.528+00,album,2024-10-28 18:03:52+00,886448937784
87e3797b-364b-4659-bce6-35945ad3294f,96b71fbe-364c-49b7-aace-fba92972a626,spotify,0Oiav6TR00OCsX68RgWojJ,The Other Side of Life: Piano Ballads,Beach Fossils,2021-11-19,https://i.scdn.co/image/ab67616d0000b2736f1b47dbba5abbfa49ee0eb0,8,https://open.spotify.com/album/0Oiav6TR00OCsX68RgWojJ,2025-02-25 03:49:30.528+00,2025-02-25 03:49:30.528+00,2025-02-25 03:49:30.528+00,album,2024-10-28 18:03:52+00,616967549881
e589b103-e7fe-4675-ace1-ea696889fc3c,96b71fbe-364c-49b7-aace-fba92972a626,spotify,0UjFhTcLYDBVeLZ8Dkx1X3,Loop the Loop,Bullion,2016-02-26,https://i.scdn.co/image/ab67616d0000b2730d00bd85cf5488aa7c06bcef,13,https://open.spotify.com/album/0UjFhTcLYDBVeLZ8Dkx1X3,2025-02-25 03:49:30.528+00,2025-02-25 03:49:30.528+00,2025-02-25 03:49:30.528+00,album,2024-10-28 18:03:52+00,5056032300477
01ed2c19-a77e-4d47-940f-456a8cb38270,96b71fbe-364c-49b7-aace-fba92972a626,spotify,0XfiHJDAx3nFOPxQpr7JXA,Summer Moon,There Will Be Fireworks,2023-11-03,https://i.scdn.co/image/ab67616d0000b273ee026a17a5f2e039370bbbdd,13,https://open.spotify.com/album/0XfiHJDAx3nFOPxQpr7JXA,2025-02-25 03:49:30.528+00,2025-02-25 03:49:30.528+00,2025-02-25 03:49:30.528+00,album,2024-10-28 18:03:52+00,859776887274
270c71e9-95a7-4aa6-9161-13efd1ca4d28,96b71fbe-364c-49b7-aace-fba92972a626,spotify,0Y8yhXRTtED6nr690zsJ5o,REMXNG 2.4,clipping.,2022-10-12,https://i.scdn.co/image/ab67616d0000b273421e8285307bf83ddb767297,7,https://open.spotify.com/album/0Y8yhXRTtED6nr690zsJ5o,2025-02-25 03:49:30.528+00,2025-02-25 03:49:30.528+00,2025-02-25 03:49:30.528+00,single,2024-10-28 18:03:52+00,098787154863
76377357-2e6d-4d32-a10f-15cbe57dcb99,96b71fbe-364c-49b7-aace-fba92972a626,spotify,0YC5MWwUmsTpJrRumtBdZA,Lives Outgrown,Beth Gibbons,2024-05-17,https://i.scdn.co/image/ab67616d0000b27316997b4a53ae6b42a4b803be,10,https://open.spotify.com/album/0YC5MWwUmsTpJrRumtBdZA,2025-02-25 03:49:30.528+00,2025-02-25 03:49:30.528+00,2025-02-25 03:49:30.528+00,album,2024-10-28 18:03:52+00,887828028764
7c11c02e-9dbe-4ac3-88bd-239be4e743bd,96b71fbe-364c-49b7-aace-fba92972a626,spotify,0Zp2eVzR9FW6lKX05lRpcu,Speak and Spell (Deluxe),Depeche Mode,1981-11-02,https://i.scdn.co/image/ab67616d0000b27388ffe8c41647856e6fa5e1ab,16,https://open.spotify.com/album/0Zp2eVzR9FW6lKX05lRpcu,2025-02-25 03:49:30.528+00,2025-02-25 03:49:30.528+00,2025-02-25 03:49:30.528+00,album,2024-10-28 18:03:52+00,0094635797954
2e790d7e-a834-4c08-af11-3b43988f309b,96b71fbe-364c-49b7-aace-fba92972a626,spotify,0aBClhSfDETc2xeaJEI08B,Texis,Sleigh Bells,2021-09-10,https://i.scdn.co/image/ab67616d0000b27353cbf26968ec0f32b51fe10e,11,https://open.spotify.com/album/0aBClhSfDETc2xeaJEI08B,2025-02-25 03:49:30.528+00,2025-02-25 03:49:30.528+00,2025-02-25 03:49:30.528+00,album,2024-10-28 18:03:52+00,858275063028
413efbb0-bbfc-461c-abaa-338129d0a45d,96b71fbe-364c-49b7-aace-fba92972a626,spotify,0b1q9se93BEqBl3kiltn33,Visions of Bodies Being Burned,clipping.,2020-10-23,https://i.scdn.co/image/ab67616d0000b273b63780c667c5cc123273294b,16,https://open.spotify.com/album/0b1q9se93BEqBl3kiltn33,2025-02-25 03:49:30.528+00,2025-02-25 03:49:30.528+00,2025-02-25 03:49:30.528+00,album,2024-10-28 18:03:52+00,098787133165
818013be-70a2-449f-ab41-844f4b073d10,96b71fbe-364c-49b7-aace-fba92972a626,spotify,03gwRG5IvkStFnjPmgjElw,Songs of Her's,Her's,2017-05-12,https://i.scdn.co/image/ab67616d0000b273fc1bc1cf80c431c2bdbde601,9,https://open.spotify.com/album/03gwRG5IvkStFnjPmgjElw,2025-02-25 03:49:30.528+00,2025-02-25 03:49:30.528+00,2025-02-25 03:49:30.528+00,album,2024-10-28 18:03:52+00,5065002066657
efb0c79e-8ef7-498f-a1c5-eee650107a38,96b71fbe-364c-49b7-aace-fba92972a626,spotify,0baF9vmYPxlYUIyJxkmseH,NO NOW,Clarence Clarity,2015-03-02,https://i.scdn.co/image/ab67616d0000b27363c223d263c578327b7bc09f,20,https://open.spotify.com/album/0baF9vmYPxlYUIyJxkmseH,2025-02-25 03:49:30.528+00,2025-02-25 03:49:30.528+00,2025-02-25 03:49:30.528+00,album,2024-10-28 18:03:52+00,5414939904073
6b0271ca-d673-41ba-a8d6-0b2993b1fba2,96b71fbe-364c-49b7-aace-fba92972a626,spotify,0bhN1iv5anr0CMMkfJEIDW,Rumble (feat. Joey Bada$$),Powers Pleasant,2024-08-09,https://i.scdn.co/image/ab67616d0000b27300cd8b49f0dc5e481c12b0a8,1,https://open.spotify.com/album/0bhN1iv5anr0CMMkfJEIDW,2025-02-25 03:49:30.528+00,2025-02-25 03:49:30.528+00,2025-02-25 03:49:30.528+00,single,2024-10-28 18:03:52+00,198588704684
74e2a469-f75e-432b-9f7d-15200fa3de19,96b71fbe-364c-49b7-aace-fba92972a626,spotify,0cnNCK2xpudXjB8pzsrYy9,Strange Desire,Bleachers,2014-07-14,https://i.scdn.co/image/ab67616d0000b2734849278ce9876ebea7353d66,11,https://open.spotify.com/album/0cnNCK2xpudXjB8pzsrYy9,2025-02-25 03:49:30.528+00,2025-02-25 03:49:30.528+00,2025-02-25 03:49:30.528+00,album,2024-10-28 18:03:52+00,886444565134
c69f9027-65a7-4090-8168-3948cd1ba5d9,96b71fbe-364c-49b7-aace-fba92972a626,spotify,0f9YXFsnwFxaQbhksDKQZ9,Southeastern,Jason Isbell,2013-06-11,https://i.scdn.co/image/ab67616d0000b273c951b33bc69990034050707b,13,https://open.spotify.com/album/0f9YXFsnwFxaQbhksDKQZ9,2025-02-25 03:49:30.528+00,2025-02-25 03:49:30.528+00,2025-02-25 03:49:30.528+00,album,2024-10-28 18:03:52+00,886443984929
1c1195ab-782c-4e77-8612-16d609e381c4,96b71fbe-364c-49b7-aace-fba92972a626,spotify,0ffPsL9V1eNMi54MEHMehn,QUARTERTHING,Joey Purp,2018-09-13,https://i.scdn.co/image/ab67616d0000b273c038cc146b4418bf3ddfdbb9,14,https://open.spotify.com/album/0ffPsL9V1eNMi54MEHMehn,2025-02-25 03:49:30.528+00,2025-02-25 03:49:30.528+00,2025-02-25 03:49:30.528+00,album,2024-10-28 18:03:52+00,00842812110290
b29c98fb-b43c-495e-9666-8518835e9d13,96b71fbe-364c-49b7-aace-fba92972a626,spotify,0gi6GxcVnTUjOaFWozw9en,Portamento,The Drums,2011,https://i.scdn.co/image/ab67616d0000b273133102973816a5cd4f77a6e0,14,https://open.spotify.com/album/0gi6GxcVnTUjOaFWozw9en,2025-02-25 03:49:30.528+00,2025-02-25 03:49:30.528+00,2025-02-25 03:49:30.528+00,album,2024-10-28 18:03:52+00,00602438788255
5d5fb683-aa8e-418d-8298-36f76009ea42,96b71fbe-364c-49b7-aace-fba92972a626,spotify,0hBRqPYPXhr1RkTDG3n4Mk,The Secret of Us (Deluxe),Gracie Abrams,2024-10-18,https://i.scdn.co/image/ab67616d0000b2731dac3694b3289cd903cb3acf,20,https://open.spotify.com/album/0hBRqPYPXhr1RkTDG3n4Mk,2025-02-25 03:49:30.528+00,2025-02-25 03:49:30.528+00,2025-02-25 03:49:30.528+00,album,2024-10-28 18:03:52+00,00602475386513
df98ba46-2019-4536-bebb-c97c71d0356d,96b71fbe-364c-49b7-aace-fba92972a626,spotify,4Kjy9UWSyjbIEooNzbDuXa,Moonflower,Graveyard Club,2022-06-17,https://i.scdn.co/image/ab67616d0000b2733e3bc97e4e78b1f7a288d03b,10,https://open.spotify.com/album/4Kjy9UWSyjbIEooNzbDuXa,2025-02-25 03:49:30.528+00,2025-02-25 03:49:30.528+00,2025-02-25 03:49:30.528+00,album,2024-10-28 18:03:52+00,195729877030
1af2ea70-9e8c-4ef1-92f5-dcb58e407897,96b71fbe-364c-49b7-aace-fba92972a626,spotify,0iG489A5W7yxIhCUsugkLv,The Phantom of the Highland Park Ebell,Current Joys,2021-09-10,https://i.scdn.co/image/ab67616d0000b273e8adde8cac491af46823079d,12,https://open.spotify.com/album/0iG489A5W7yxIhCUsugkLv,2025-02-25 03:49:30.528+00,2025-02-25 03:49:30.528+00,2025-02-25 03:49:30.528+00,album,2024-10-28 18:03:52+00,656605044866
0486e9a5-9eef-4297-b657-7dbd656ace5b,96b71fbe-364c-49b7-aace-fba92972a626,spotify,0iJ6CtgpIqzT1lYEqUu601,PAINLESS,Nilüfer Yanya,2022-03-04,https://i.scdn.co/image/ab67616d0000b273dbd14952cb88cd61fd7e0ffa,12,https://open.spotify.com/album/0iJ6CtgpIqzT1lYEqUu601,2025-02-25 03:49:30.528+00,2025-02-25 03:49:30.528+00,2025-02-25 03:49:30.528+00,album,2024-10-28 18:03:52+00,880882488857
2909a720-ae87-41f7-ad9b-45bc0531f987,96b71fbe-364c-49b7-aace-fba92972a626,spotify,0jMBAo2pk2cEE0aJ3WseMl,Sing Into My Mouth,Iron & Wine,2015-07-14,https://i.scdn.co/image/ab67616d0000b273bbcb4589a7819ae8a28785ac,12,https://open.spotify.com/album/0jMBAo2pk2cEE0aJ3WseMl,2025-02-25 03:49:30.528+00,2025-02-25 03:49:30.528+00,2025-02-25 03:49:30.528+00,album,2024-10-28 18:03:52+00,00602547352590
969b7d9e-c7c0-46c8-a7f2-02232615892a,96b71fbe-364c-49b7-aace-fba92972a626,spotify,0kL3TYRsSXnu0iJvFO3rud,untitled unmastered.,Kendrick Lamar,2016-03-04,https://i.scdn.co/image/ab67616d0000b2738c697f553a46006a5d8886b2,8,https://open.spotify.com/album/0kL3TYRsSXnu0iJvFO3rud,2025-02-25 03:49:30.528+00,2025-02-25 03:49:30.528+00,2025-02-25 03:49:30.528+00,album,2024-10-28 18:03:52+00,00602547851635
9d7033e8-17fc-401b-9e6b-9efd1c1972db,96b71fbe-364c-49b7-aace-fba92972a626,spotify,0kRucvv6YTD7EJ0jduNmD0,MERCY,John Cale,2023-01-20,https://i.scdn.co/image/ab67616d0000b273a12721b870a009a1b787e764,12,https://open.spotify.com/album/0kRucvv6YTD7EJ0jduNmD0,2025-02-25 03:49:30.528+00,2025-02-25 03:49:30.528+00,2025-02-25 03:49:30.528+00,album,2024-10-28 18:03:52+00,887832012261
8d113ff6-027f-486a-a212-f3add4d196dc,96b71fbe-364c-49b7-aace-fba92972a626,spotify,0lG1BLwuidgVuiAHmQYmJq,Lost in a Dream,Cassandra Lewis,2024-07-12,https://i.scdn.co/image/ab67616d0000b273e2d09222a98a487ff4816d2e,10,https://open.spotify.com/album/0lG1BLwuidgVuiAHmQYmJq,2025-02-25 03:49:30.528+00,2025-02-25 03:49:30.528+00,2025-02-25 03:49:30.528+00,album,2024-10-28 18:03:52+00,075679659422
63f3fd94-f633-4c06-bc15-cbfe00699145,96b71fbe-364c-49b7-aace-fba92972a626,spotify,0mcYcSiVFATRGzeR4w6xSa,Unheard,612_Khi,2022-12-09,https://i.scdn.co/image/ab67616d0000b2736be28ba319f02748733901ae,12,https://open.spotify.com/album/0mcYcSiVFATRGzeR4w6xSa,2025-02-25 03:49:30.528+00,2025-02-25 03:49:30.528+00,2025-02-25 03:49:30.528+00,album,2024-10-28 18:03:52+00,197227044525
108a384a-a746-4e33-b5be-d2f4fa38fe86,96b71fbe-364c-49b7-aace-fba92972a626,spotify,3i4ZYO2l14kCTRzw90JmZ4,Nymph,Shygirl,2022-09-30,https://i.scdn.co/image/ab67616d0000b273955f921014ed4cfca00a56a1,12,https://open.spotify.com/album/3i4ZYO2l14kCTRzw90JmZ4,2025-02-25 03:49:30.528+00,2025-02-25 03:49:30.528+00,2025-02-25 03:49:30.528+00,album,2024-10-28 18:03:52+00,5056556107729
58d675d0-d50f-4dbf-8970-c1c48f128ad8,96b71fbe-364c-49b7-aace-fba92972a626,spotify,0musLdqbTnPsbMCyN1Xytr,Love Is Real,John Maus,2007-11-19,https://i.scdn.co/image/ab67616d0000b273102301d657a1d8a70398bd07,14,https://open.spotify.com/album/0musLdqbTnPsbMCyN1Xytr,2025-02-25 03:49:30.528+00,2025-02-25 03:49:30.528+00,2025-02-25 03:49:30.528+00,album,2024-10-28 18:03:52+00,887834007364
427c0077-dc6c-4879-b9c5-e682424397a2,96b71fbe-364c-49b7-aace-fba92972a626,spotify,0nSzBICzQHea8grwfqa5Gb,The Magic Whip,Blur,2015-04-20,https://i.scdn.co/image/ab67616d0000b2739dd4e688b220635941abfad4,12,https://open.spotify.com/album/0nSzBICzQHea8grwfqa5Gb,2025-02-25 03:49:30.528+00,2025-02-25 03:49:30.528+00,2025-02-25 03:49:30.528+00,album,2024-10-28 18:03:52+00,825646132850
2e287863-d834-4d28-8515-74ccd70e75a4,96b71fbe-364c-49b7-aace-fba92972a626,spotify,0nneppOsi22SxvwMOuISXQ,Long Distance,Ralph Castelli,2019-08-07,https://i.scdn.co/image/ab67616d0000b2739323fd88050e9925584534a3,5,https://open.spotify.com/album/0nneppOsi22SxvwMOuISXQ,2025-02-25 03:49:30.528+00,2025-02-25 03:49:30.528+00,2025-02-25 03:49:30.528+00,single,2024-10-28 18:03:52+00,859733648955
892f00ec-c6e1-470d-98de-ac4e99a4815b,96b71fbe-364c-49b7-aace-fba92972a626,spotify,0qnExDZfz0kVeBjixPsyjS,1000 gecs and The Tree of Clues,100 gecs,2020-07-10,https://i.scdn.co/image/ab67616d0000b273f91a3040f0be854026ad2dd0,19,https://open.spotify.com/album/0qnExDZfz0kVeBjixPsyjS,2025-02-25 03:49:30.528+00,2025-02-25 03:49:30.528+00,2025-02-25 03:49:30.528+00,album,2024-10-28 18:03:52+00,075679809230
433f8e9c-6207-4da7-867c-5ece0d837949,96b71fbe-364c-49b7-aace-fba92972a626,spotify,0uQJsq0ujTl7GDi2WAN3Ld,"Nordic Flora Series, Pt. 1: Heroine",Varg²™,2016-12-19,https://i.scdn.co/image/ab67616d0000b27312c11973153578f025c90d93,4,https://open.spotify.com/album/0uQJsq0ujTl7GDi2WAN3Ld,2025-02-25 03:49:30.528+00,2025-02-25 03:49:30.528+00,2025-02-25 03:49:30.528+00,single,2024-10-28 18:03:52+00,7071245338428